输入日文,AI 返回的振假名日语,分词单词列表,中文翻译,N4 以上难词翻译,timestamp
文化庁は「彦根城を見ると、日本の大名の政治の仕方がわかります。世界遺産にしたほうがいいと思います」と言っています。,文化庁（ぶんかちょう）は「彦根（ひこね）城（じょう）を見ると、日本（にほん）の大名（だいみょう）の政治（せいじ）の仕方（しかた）がわかります。世界（せかい）遺産（いさん）にしたほうがいいと思います（おもいます）」と言（い）っています。,文化庁 / は / 「 / 彦根 / 城 / を / 見る / と / 、 / 日本 / の / 大名 / の / 政治 / の / 仕方 / が / わかり / ます / 。 / 世界 / 遺産 / に / し / た / ほう / が / いい / と / 思い / ます / 」 / と / 言っ / て / い / ます / 。,文化厅表示：“观看彦根城，就能了解日本大名的政治治理方式。我认为将其列为世界遗产会更好。”,"文化庁（ぶんかちょう）名詞: 文化厅
彦根（ひこね）名詞: 彦根
日本（にっぽん）名詞: 日本
大名（だいみょう）名詞: 大名
政治（せいじ）名詞: 政治
仕方（しかた）名詞: 方式
わかる（わかり）動詞: 明白
世界（せかい）名詞: 世界
遺産（いさん）名詞: 遗产
ほう（ほう）名詞: 方面
いい（いい）形容詞: 好
思う（おもい）動詞: 认为
言う（いっ）動詞: 说",2026-09-05 21:36:12.013251
